id,file_title,yt_id
1,27081ca7-c682-4625-9d35-162eb183d728,s37RP3mVnTg
2,6e8ed7fc-e928-454b-9e78-f09d2b9d4423,2OROEX0O-kw
3,a61e039c-2400-410e-8fb1-1609aa307174,sN2kIfzYZ9o
4,17b31d75-a7ed-4252-acc2-ff9f398700ee,2gEjvKdC33c
5,9707ed38-9060-42bd-87be-b201d74cd636,tL3ZKOtk_4Y
6,25238aa1-9daa-45ee-90d3-ac51fb1ffed5,twD5Fb6KP-w
7,70b88154-2fba-4b75-aec5-38ce0ce6073b,5D9hddwhN_s
8,ce525a75-6b49-434f-88bc-e01ab048a895,uGMTZ9PAXkA
9,91b67a3c-7457-4bb3-b0f2-93864c04e498,6EOz2x25dZs
10,b52468a5-3249-45b7-bd9e-74d38ebf0be3,whTmAkw51GU
11,1789b809-c88f-463c-ad19-4b53a5a32202,B0OKth2k2-w
12,63fe6ea7-3b18-4606-ae83-48eee4ffc40f,yMS98yG7B2g
13,2f9b93d8-c776-49c9-a9d3-75f2d5aa7883,zEMG6GMb0jY
14,d694dac8-bfbd-429b-aa55-0e640d626e06,BQikVnHehaM
15,ac8ddcbe-724d-4ed5-9c69-91e89a5701f4,C8DTVVQljYM
16,5e5be104-cd01-4f5e-8957-00d053bd0b53,CFLiUsZvjqw
17,dedaac93-91a0-426d-a19c-334b3f388ed1,FKKd0FTLz3A
18,456aad27-60a5-4d93-a004-de67ce3b7588,GSlve5cn8B8
19,c9f2a805-4a89-4b8c-99b7-15af7d48cb40,Gk3offLZxus
20,c7498f41-3246-42f9-b6e6-e2599a687774,HbJeK4R85nU
21,2adf6824-16a5-498a-8f12-42dd1066ed62,K9BXym8IG_o
22,088ceecf-d411-4b44-8e3d-3953c6acd0dc,LCquJLv7qFg
23,fc7dde7d-13b0-4ddf-aacb-500a2878c0c5,MOeh4RHN4o8
24,2744f993-5e60-4cf0-b2c8-a06360fad439,MVBQrBAXgw4
25,385ebdec-0f23-4caf-82cd-8c8478548829,Npbs_4DZgEQ
26,c8451ea1-5c01-48c7-a349-bc4cfd344d27,OmQtuh-97Sg
27,0e0ad3a9-2653-459c-afe1-aabcb9894b06,QNXJE2gKVK4
28,10caf3a4-a34f-413c-9ef3-3fa3d235033f,QXtF7cWgq3M
29,77563290-8a82-4d33-a22e-1b36e361d1fd,RiL4IvgFN6Q
30,b91e7183-d5af-44b3-b781-3ba89f6d3d4c,SmylrxjLU70
31,37d78cde-c177-4639-a8bc-a0e5269d10b4,T1cYDKFI1is
32,83dd6cde-8ce3-4999-ac6e-ec9b0da32ae4,UlqBFf63wXE
33,0eb9ad39-c097-4bab-81f1-8bb5e53c6a25,UmbVKqmvaRY
34,ea537d08-a7c5-4fbf-a79c-bf4ceec25af0,Wf_wfMaRAkI
35,46c6d6f0-5e52-49a2-b34f-d1f44b4cd01f,XnHAH2aPHk0
36,ecda4717-c5f2-4d77-b4e6-627f9f00a157,XqKTmEvqFSo
37,54b03968-76a3-42fe-8525-19c9ee189c05,YN_eWjobUjQ
38,bcb9c4ce-778a-4fd7-881c-d3d2243d5297,YkL2X7wkTm8
39,1ff74134-536b-41ef-91d3-8c286723ddb1,ZCLPMxd05Ws
40,f40627d3-9792-4b55-944f-49dc5cebf204,_1tgGPyoUc0
41,cccd78de-0d06-4f63-a3c2-b61416c7b24b,8tZxqeHQrR0
42,d95a4d8b-aaf8-44d7-a75e-b2eccd24c800,b98BJ36K1wo
43,e3c9008b-cebf-4453-80b9-aa1c94207f47,8uyixNJ3Ofc
44,2a1d7ca4-ac38-4480-852f-e1453fa644bb,bW-xjy5-a1s
45,280bb647-9511-40e7-81c3-63659e3c625f,9RJjf0dUhjw
46,77e873ac-1894-4e18-b1d9-be6bd05a67a3,dixaI-tKNew
47,d0da9219-5a27-4032-bfee-25436753d7c0,9UPGTmOna0c
48,02202ab2-b8b9-47bd-ba03-6f5fd8f07f79,9WYCsgflAZo
49,cc379f95-bee9-407e-9258-5860568d38a3,eHEeJkkMnhs
50,ed469c3e-2e09-4f33-b01b-dccdb77d3b46,9d9-fYmLzcc
51,b6a9dced-b4c9-432e-ae0e-b6933c5fdd51,gKleStoPi_8
52,0c941a65-e1fb-4da8-bb0d-6ad85029e39b,9dN8-r-Z5Ow
53,c504cd45-d2ae-48df-8df4-f987570181fe,jJh5PETGihs
54,6e30c9be-d43b-464a-87be-6d15088ae391,9fA5IgoKKJk
55,0aaded1a-700f-4903-9aa5-d8ebb5d4e556,jKBEC2DzQuM
56,abb0061e-e38a-44aa-873c-5a8150b04b4b,9i-F-KQddj4
57,41823d70-4309-4099-a25d-f8475ccfba03,jlmCu2GMoG4
58,e0cc78c1-8413-46ef-95ea-b21492edb494,9kto5ONK1mM
59,294861da-3b06-43af-9cf9-947e30c45044,k0BEZeFRN_o
60,3eb17fb6-684c-4280-adf4-f41e2b435a4f,9shWFQBnBco
61,759471bb-1fcd-479e-8977-24de3a875bfd,ABsdpIb4dc8
62,d2e0068b-19d4-48b5-a343-a25800dce003,weJn1J9RQcI
63,5705a5a7-add4-4a8c-bb8e-90abf6eeb7c8,AJl4VpTl4vk
64,1f0d5f99-9471-4745-8e43-f7cc72a38b2b,xUMzNtC2ITA
65,dbeaa969-feb0-4398-8bb3-dcc36329de04,yS9bVNYorvM
66,9cc0841a-62c6-445d-8f5f-e27968e7544b,AOU38TYc9qM
67,164fae76-082e-43ba-a6dc-e8c0002e4305,yhbr3qiaHt8
68,f1f91e8b-60a0-4f2f-818c-de32b8e23c0b,AVrGDXlKEJY
69,7520fe01-0891-4ead-b2e3-a660051fc18d,AXUjdJxJuhA
70,721f6cdd-7d4c-43f8-bbde-5ba9475cb08e,AbammOABVZw
71,6dee1756-a6fe-4d8e-aa92-a9ed9a4604d6,Ac21YjFgiy8
72,8aa7393c-415d-4bbc-a902-4a2bd2e39d45,AheG4XnOwJA
73,284a108a-43df-43d4-8f4b-9218120b74b2,Av1vO8cQBOM
74,add9b480-6fe4-44ca-96d1-8afaca250027,AvD253jQpeI
75,3ef52403-0470-4af7-b3aa-66c762c4934b,B2tpRYpmBFc
76,bf053f7d-2c61-4005-80f8-fdc848a12d1d,B6sduMGoE6I
77,2100a164-e93e-4741-9b9c-8e020ac2d0e4,B9VKOgSu-9Q
78,5ff6a623-5df7-4b6b-b153-4b1a489ecf3a,BA6mcTYZZXk
79,c10e052d-7e8c-408b-85d3-a0a82719a696,BCNXKcECmxI
80,a9c4d16b-c947-4c3b-8496-56f6a43c7f0a,BFSm3js3-Vk
81,65101a01-cf49-4a62-9935-a92c880beca2,BHtVNADWu3w
82,ef5787bd-d35a-4293-94ee-4abcee2465d4,BLWG9YbYq1w
83,4f1172d4-f3fa-483e-909e-13a3cb0bab4a,BNYnWFb-AA0
84,55d84fe8-73c3-4635-b6c6-421b3ac1ce66,BUdjO0-RoBI
85,49169c71-df9d-427f-a21b-e848b54644d8,BUv__aS7Lpo
86,80bdc9f1-9ac9-4900-a151-643be70c49f6,BWGocvdrbQE
87,05b093f2-ded7-4b66-a9c4-04fe12aa3996,BZI0qgLfkms
88,2f9ca55e-83f4-4484-9ad5-5058b773fd03,BZXtxWM7v9M
89,9e3ff6c8-dfdf-45db-85ee-6275cdee7b01,Bc5qjSE5KMQ
90,c9a1f77a-335b-4196-ac4d-2c84a3077b72,BhKzLvNyt8M
91,40f218e2-9cd2-4f45-a62b-d1fd130a07f0,BoEE3NkOw04
92,40fc6ae8-21e2-407e-bfc8-48d47b37fe4c,BqJWS19Rz8U
93,7654cb5f-1ea0-43ba-a535-42685c557f0a,Bwv5X9m3z_E
94,db421aa1-8abb-4570-86e0-bb244d8fa0e8,C2P1Z8sB7cY
95,c0b93534-f807-4762-9d35-d4e4bb4f568b,CEQ1wD4Nyj8
96,6a0d3707-4908-4701-b057-cd6ffe7ab84e,CFlxbbM-4ww
97,b4f8296e-57b9-444b-833f-d3c388c4e29b,CGdvMwwGJsI
98,07fd52ae-e6fe-4d8e-a63c-4e04781eb54f,CJS4PjmHw3U
99,a627e768-7aae-44ac-a569-3c30c6da365a,CKUJZ5n1ndE
100,69921d20-9f3a-499f-b7f8-0f82f3d48d3e,CL6fawGnPLE
101,a22d7355-6c9b-45bd-b5e7-2ab1c6fbde58,CRX05O4fe74
102,d817c64c-4bef-44af-b630-d504c1537ea4,CYHCSjfbI2M
103,e207ffef-1db4-463a-8de8-5e619843a3ee,CZbwyN1DAUU
104,66891007-17d9-4e18-818d-60f5b27f7d66,Cc6PrFmu09E
105,aa5357da-4881-440b-a2fa-d114649ad7f4,CfLZOpzwxwE
106,33ec3681-1051-42dd-9e69-5abf720f2ac4,CrT8HlouoJw
107,6d6db4a7-166b-4213-af04-6801ff500206,CwNmtAD-GWg
108,460ccd48-abf6-44d1-a5df-712be7a1db51,Cy0KMgut5DE
109,f580f671-608a-4a9e-af95-4f6479808b9d,D-3C6bxuaH4
110,5f73b688-8a21-4b5d-903c-6ceb44faf44f,D0IROEKlo5o
111,9c2c1084-bfcd-492c-9f58-fcb1585e5fee,D6R7Pe0whK0
112,6bf0f78f-bd7d-4e74-96ce-bbc3d2b732aa,D8XypsjOVik
113,7827c45c-b72e-4992-a121-5384918574a7,D9zdUYfq4Z8
114,15dc59c8-eb91-4e98-a9d8-61bd663d719b,DDZsWGpydGU
115,ee3cab00-1f2f-4eeb-9ebd-1c826c916ee8,DH7QnCI7BF8
116,0f273873-5c0f-43dc-b28a-2d07319845ac,DMNnpSqJApQ
117,5151f61d-00d3-4fa1-aa8c-25ffa7a19ed4,DOf4kSSzRKg
118,8f7882aa-770e-4322-ae70-21ac6e050c68,DPpeWsDmMqM
119,f00507bc-af6c-401a-97e8-fe37fe2c2e0e,DTMMacCOFP4
120,955e8d93-b169-4cd9-adfd-448fb3342956,DU05DxpxnCE
121,2890a735-9a3a-4bb3-abe8-d4490701d05b,DWo4AoXoOYE
122,f6db3729-c77b-4d9f-82e7-6d32f72e4ece,Dc7Uago6dTo
123,1fff4f6f-cd9b-42e8-bc0f-f745bf991e2e,DcHKkMD_Fr4
124,ea736e85-f700-48a8-afd7-435e75f90a41,DcpIdvQFpbQ
125,a1ec142a-f984-426c-8c4f-1ecc5488f244,Ds6EMuyAuAU
126,11ad3c99-eb21-40ca-8ed2-d399c164154f,E03ZCB5Y4yk
127,ebb8a7a2-7bf4-4189-ae2b-d70b99677ca7,EA1Sl4nvr-k
128,421c00b1-3fb4-4f40-a0e3-e92cd5f886fb,EEalTeM0FM8
129,7a9b3ca9-0d01-4453-909a-eabf20229ec8,EJ3NWFLfTC8
130,e926f143-6f89-4129-9c92-0d2cd106b98a,EQHyVZODDeY
131,7906606b-df59-4a71-8dbd-1f34b7a23336,ERXHcVpe5U4
132,54bd28aa-9609-402c-94d4-9c1f04b77234,EW0QYflqHyQ
133,155eea2a-33de-418e-9ea0-9028eaa9f9d4,EXTLUWPTcrg
134,d64911bb-1bed-40c5-bc95-a07b6e33cbcf,EXqcNHWX-EA
135,30fc9410-052b-4267-b4b4-8e5e072c3ca5,Ej6d5mpZ0XU
136,d5756dee-99fc-4484-acb2-3b1ab4d60ecc,EoJxkGYGdxU
137,2b3ee4e1-7f4e-4c0f-8195-bd58fbc754d4,EucGEpoc8fo
138,1a8abd12-d182-4b94-afb5-dc45b98944d7,F1-ltclskkg
139,803b2a70-e31e-492a-aa26-800b94a7ae37,FADyYbndic4
140,99028afa-585c-4847-a5db-ddd9d5b7b4aa,FAVydzWKlZ8
141,7e55a85e-22f3-4774-9073-18083a4b8ccc,FKTxzqtYE1o
142,4cbeccd3-b5f7-4578-b5fc-865915225055,FNBvSJaqy9c
143,9ba0b669-383a-41b6-a213-04458909959b,FO_zB60q_oA
144,faa16f6f-f095-43dc-b789-4042b12b85cc,FWNai6bNxL4
145,73788b6e-052f-4f4a-ba44-20786b3f61b2,FZuQBXARPLQ
146,baa5a3bc-470a-4cc0-9304-a6161cb7e18d,f4jW2H6V7gk
147,ba34e397-6493-4165-8275-a3b259e90b08,-SmkiYKIhfs
148,eb377d5b-ae8f-444a-bf26-18790ace5348,Fa_dI_Q9JE8
149,be415f40-4391-4221-ad86-3ede230458c7,1ZS9EQzbAbM
150,96915eb7-87eb-4885-b39b-6e42ca5f9087,FkSX4yD5HUU
151,a3f28c8d-4cd7-4fa3-9f9a-c4e3cbe9fa16,3bGqkpfyk6k
152,4b04c090-c8de-4e0f-94bb-d459c3736edf,FncZN3UBRb4
153,b1d486fd-deb8-4c4a-b424-c5fbeaf89309,-OrSYfdmkxU
154,2e34591b-191f-404d-b9b1-74d4e9994c84,5hlJWN4ERT8
155,987bdc31-3559-4f7c-853d-cb1b9aa7743e,FqKGTAKM5DA
156,d7a63db8-29cb-43ea-86ed-1c116071b16c,FyVz3i-NEx8
157,6582d2f6-f45f-4b24-ac8b-f275efa918b7,-U6RbFBqWmE
158,b65fffb7-e1a7-4408-8a64-d57be91ba76b,6iDiC8UJeCI
159,926808b8-a691-4fcc-b457-9787305a43b6,G0MszHMEuLQ
160,3a9ee12d-cbf9-467c-b3ef-887266fe64c0,6nNOHgUrTSw
161,935645cd-b73c-4e78-b5ed-af327859c1a2,00-NeiM3kls
162,a71dc54a-8501-42d6-bdc3-e3e6a444c712,8DR0YvL6XJI
163,2cae1027-8181-41eb-a949-fdb979d3c0bb,G2f4E1hizG4
164,30dd6d14-5990-44b4-a672-d5b282dc95c7,076LfFhgN8g
165,3949c1b7-de43-4c71-b1a2-fbcca25d2b96,9oixCTvP8Yw
166,628360ff-c7de-41d2-b684-b227af9b8f63,0B9g7xxOaQ4
167,39e554ae-0739-4a26-abc1-f088afdc03ed,GEKsRozjDcE
168,3f5b7a83-6a75-403d-92a8-591f717d8255,0N8udwD-wXE
169,7620a8c0-5b02-41a3-b99c-992a846ddb94,GEPPnI7LXVw
170,d8f41b1b-684f-4672-b2dc-8ce5bcb4dd35,AnGW1f1p_4w
171,ca105e78-8bb8-468d-bdcf-1db6d2706a70,0O5tbt-RzBU
172,7464ebae-f424-495f-99f0-91d15473cbfb,AwQ1XihD4sk
173,4e5ba8e8-742b-49c4-afe6-3d237a969101,GU_ou_-uXpE
174,25917c08-ac85-434a-b66a-2a11cc8ad901,0OH9vDon7QU
175,6e25c912-5dd0-4692-8d8b-c7db785f7be1,E32Is8KRTnk
176,b8feb8b5-e864-4df0-a0a7-605046956ee2,GZ0ONQXDH9E
177,0bc4d6b8-54fa-4209-bec8-64c1553f31d3,E7MIY00Jvwk
178,ed72b736-3ccb-4fe7-8dcf-5e50dae7d50d,0X4nBBi8yMA
179,7385d868-a318-41b2-9ce7-e0742b760522,GdylY8F2v6M
180,01e172ea-13e0-435d-be2f-33eba107715b,0w2S3KJ2ZUA
181,3064047e-a901-4f8f-8838-302995b9836a,Gkb4f6yodPE
182,9fad5161-4c90-43a7-9a76-327dd8cd90a2,EmSUkJScuTo
183,1cd22d08-03e2-42e0-a70c-e1a04350d7ae,GnyY1CvYkxA
184,de1231c7-a454-45b2-b592-2dd84aabc73f,0zZazknbqCs
185,d40bcfda-9f09-4deb-b57c-4fa60ef3ef72,GfboYrKgc5A
186,0f6214e3-791c-480e-9ccd-28c5df789aa6,GtpWCSuHNrQ
187,f311e4d5-7d1b-4340-85cb-a80f1b754734,118fKSs0Qi0
188,83e28705-e886-4787-8a0f-0d01accf9ace,GsPXOxs__k0
189,8cb3789d-81d0-4bba-a7f5-45eb89b25b10,GzD5n58PB4w
190,fc11e3d3-d769-4431-8565-add2dfdba596,11mLt06A-mA
191,5955c495-4196-4327-ae2e-1e0303e0588d,HI1_HYH74h4
192,8ce140ec-384e-4ca6-a80d-4a3d33288523,15_6lf43_1M
193,fd86f550-7f91-4400-8321-0baa9e20d3fc,HGEuo6HV-Sw
194,2cc75c1c-d354-4340-bac3-e20cc47eae01,HuTOZN20wGU
195,0dd383e0-cf9f-4f35-a5ba-177acbfa188a,16oKrlUuKlU
196,943f4560-ac7a-427d-a5bd-3e8523720e1e,HJUJo0kB0zY
197,232fa193-9e51-44af-81d3-929ea01b6ea1,K32LHZcoIIE
198,4da28c29-b37c-487e-b0a6-a438c43b3197,HO3KyDdeBaA
199,f0339dbf-18d0-4924-9519-73a9867156cd,1EZrXL7Jbu4
200,af98e378-5933-4d26-8cbd-147054015be8,1FG6AdL1Ywk
201,66fe0b7a-548d-4830-acdd-044571328944,KfbGhVQTWpU
202,7ff157f8-97c6-4de0-822f-c8ac512b0605,HOyQgQcEKYo
203,b11a2141-607c-4ae5-a87b-6b45cc4d749a,1HW3bx7zW1M
204,4c2f2850-c014-4d59-a953-addfac074c66,Kpy3ikfksCE
205,0f11e185-4007-4994-bcf2-84bef589ff9d,HRQQX0y76K0
206,4ba88bfc-d5de-482b-b898-8bfe716740ff,HiZkZYMfPeI
207,62942c3d-8b20-4fa3-b4d4-bdc10d6a03d7,KrYQ42YjKu8
208,2c04fcc7-c370-4b8d-962b-36bdaaafe310,1Jf-MpJnE9U
209,5d4d900e-3655-4713-a493-d8b45986ab38,HljFr9rnSf8
210,2a8d0de4-8ceb-4ea5-bfb8-e87a010be720,KwLtyPOBSq0
211,e5542cf8-f18a-4281-a92b-6fc4c6bd903a,Hsy7Mk76CPY
212,d3cf3e0b-7cad-4880-8d5e-b130d1175854,1Q6n34H33dI
213,911964aa-7b72-48a1-9e9e-743cb045222c,LPnYdHIg0eM
214,2205c75a-8560-4062-8d67-36ae72c1bc98,HuV7CE5FFR4
215,d56214cf-3f0b-461f-8809-d06246309085,1XU7mNnB464
216,e2afd5a5-389f-4676-8405-5f1189b8a707,HzqlLmLBXWI
217,26332ec2-0542-4bb1-935c-916b8cbcaa0d,1YPmh6FgfW8
218,b0642005-2abf-426a-9091-47617b56fc9c,Rg1uZCKzo0A
219,a9c02e38-dc3a-4a3c-b33a-cd806ff96a74,1eIDni5qjcg
220,0bd7acd3-e97d-47a1-b6a5-26195d749905,SPsOscw70ns
221,6c5b88e7-631c-44b2-a169-c1cdb614abac,I4H88lmdCG8
222,e9c0a1c2-0629-4032-8752-02a0dbf30245,1k1HpuT8_KQ
223,23bbecd6-30c3-4413-adf7-deb1928e463d,Src7bBpWhuw
224,aa0f1c8e-8fed-43d6-b6b4-43a61ba678ee,1oduShGI_bo
225,314d809f-87d7-40d1-8107-48ed2c2aeb18,I4epvjhFNDs
226,b087136f-3c86-4a75-b51b-a5923f6e5410,I8eC0iH1mq4
227,645654a7-7ab7-4927-b900-b83512101ae0,1ryYyt8reMY
228,636faab3-bda4-453d-91ff-31e0e30a6e19,UDQZbw6nIu0
229,a9525508-dffc-42a9-a91a-b4e7449aafc6,24Z6Jg75mHo
230,8c97299f-c5c6-48a2-8b5c-e244cb179193,IAU_pZuqVFQ
231,ac8c0c07-fc30-486d-8387-2d3fe6a9ce2b,IIrxuKxXgbI
232,f12b1c4d-91fc-4969-b916-c286d932ef9b,2AqV9Bsk1nI
233,b4bea6e6-c866-4561-94fd-1d9c168a562d,Uq0Thas70N8
234,6a2361ac-e430-48fe-8381-f87839581d2d,2Ijm84WUr2Q
235,aeb24d97-8f95-4430-85c9-74acd6925ea9,IXuSbpLOV3I
236,37db006f-aa39-432b-9588-2f47fd320ec0,V1mWFSQQHko
237,99008dca-acf6-4193-92f1-6c05e3c3c67e,VwD83cv_IoQ
238,d19b030b-4c36-41d4-8ef5-6c7fbdf113e7,If0H0hs3acU
239,8edc739e-4db4-44c4-8cf0-13169bdcf6b7,2WXnsrXylyg
240,59d797b6-169f-49f6-ac8f-a5930f766a20,XILCJ2bM1Zk
241,1106f6ef-6067-4d2e-bbe6-385c8506d52d,2Wj2BDTChxQ
242,fe329bb4-a11b-4055-a841-c8311c5c3e63,IhaH1B1SF9E
243,698b78f2-acc3-4712-9c55-44e7edb690b9,2cA6U33DhmU
244,5600a3ac-02e8-42c0-8c60-614709dd5044,XK2UZu9iNOM
245,afa3467d-44aa-46ad-b751-1d1e54c3b36f,InKcy0anSjM
246,c25c2831-8d2e-4133-a001-b145efb4b4b7,2kx7SiXQCK8
247,d851ea8c-e1b3-48c1-a2f3-c821a2966b26,IohQyde0rt8
248,91a0f585-f8ab-4a7d-b382-be2c3f945bf4,XXzscvTQ8vk
249,6b1fd406-0878-4469-a8d3-c3fa092afc09,2zJNSNHMYFE
250,ad89447d-0f19-4b2a-abfa-45e2a642d156,IuHLqtBYJWE
251,704f2881-3231-49b0-a5af-9724fbc455de,3CG7Bfjx4Fo
252,e300ea15-9800-4fda-ba02-b5ba8fb6f401,_OhK-5e2Fck
253,6d47eebc-5e58-4f2b-a109-30afdf661c1d,J6UJTjqvYgQ
254,6798fcaa-e33a-4048-a70a-5cb5b81a035a,3GNCNy7Si8A
255,f66c25ff-bcf0-4183-9d90-9e3f450dbbde,cvwtnO8feQU
256,aed081e7-2405-48af-895f-152a7636ef7d,JBVWaNBrwNU
257,c99b0984-9a23-462c-afd6-88de93b87d01,3KEuJS2i5OQ
258,cbd9ec38-76d8-4081-b9a7-8d739a14cce7,esy25rsWtl4
259,9a6df0c9-0b66-4a93-8c96-180fe0d245e0,3LlJjM2TjNs
260,11ccc594-d82a-4b14-8730-513b5861c6b0,JDo2zBDeAEc
261,357d6cb6-5911-4306-892c-bf202398f6b6,3fGQISmOUxk
262,c87de8d9-4a67-47b9-85dd-f76d727ccfd3,fJkvOWZf6XA
263,edc4a580-7863-4ea9-96b6-89ba99099466,JTfABw7QrrY
264,2ac70500-67a1-4f6a-b403-791572dd5b31,3ibboREldU4
265,20b21a76-04de-48dc-9425-f95de93ecc88,ibyTMTLjaq8
266,b1aee41b-bcfe-4f81-a53b-c27127683da0,JXsOe0KmFik
267,da9d970d-7d55-4b69-af6d-6bb8627bcfa9,3mwqn5hmoTk
268,dd07cbb3-1aef-4a84-8909-51a4d629542e,j5UuU306R4k
269,e2612072-19ff-418b-959a-710b4f88847e,3pUtLK2AYgo
270,959d5cdf-b1d3-4788-82ac-cba99ff6c6da,K2cUFq9rNK0
271,7b62d1db-a809-47b6-a74f-542a2094ed33,j7Qw7cyp2z8
272,d7b62cd1-637c-410e-8ed8-c6ff42a68c95,3qw4At4NUfY
273,47228c57-f592-4521-869c-9aabe6135547,KRA1RQ-INq4
274,c29126bf-539d-4f7f-ba24-bccafa41f16a,nbZVFniKeOU
275,c09231d8-c6a9-4e4a-b5b7-ce74cfa44b60,3u_IbZbli3A
276,76b3ed3a-52bc-4f9c-9665-bcf51a1f8744,pWUzfdJU8jc
277,e9484806-0e07-44a5-a15e-43a5ec6a21b5,KWAYLlvyy5Y
278,607f7ffd-99c5-4382-9354-0d74d0c53312,3uuCjjJZ5Dg
279,9c27fadc-c524-4b92-961f-c57d1bc8f303,KaVxnEXoBb8
280,5c3580b9-d25b-4fd8-a28a-8466b5b0e657,pYNCW4-8P9w
281,1a9714cd-f850-4302-8889-baa9b1c07064,4-CRwnxQlWU
282,735600ec-cbc8-430f-8518-9174f4e230cc,Kb28LZWRwoM
283,db46f955-9542-4620-a7e9-a516e56025b4,pvDVDqi5jkM
284,b413a95c-151e-46e4-b76d-d40168ee3fc5,4M_EzJxStnI
285,aa97d0b2-1c76-471f-8259-97a5a16a4308,KcoN0mNivaI
286,c5dfd400-a785-45a1-b0a4-633307d033da,rTMBmCR57l8
287,b6239ba7-ccfd-4c61-a8b1-f2236d7c08c7,4TYh64wNA2E
288,85a5c7d4-d69a-49cb-9078-53a1fbefbb9d,Kfx-_A0os2E
289,03277b81-b998-498b-aac6-bdb0835c99d2,4TZrsWaGtm0
290,94d733ec-5058-428c-8dc8-a2853b7cf790,rbRlItVCcIc
291,906b4d80-e9f6-4df1-8615-949cc32c3dfd,4UhoP_5tq-8
292,1595a2d5-871b-4a18-b172-157322718be3,4b_mCJ7LZyU
293,949e9342-3b2d-41f5-9ab5-e3e5ac4f8567,4fvpdWCU_U0
294,02d2f560-eadf-43e3-9638-451e6aa56fbb,4nQuo4NB1ZA
295,e92805e1-aad2-4bcc-92a3-f6e5813453e6,4wIja4phlzY
296,4b106cdc-3fdb-43f6-8863-7d0d62ddc6fe,5-lYx90FW50
297,1404c320-8bdf-43dc-9a63-eec8b7a59778,5IdyssPyEGI
298,3c31b0ee-f9e4-4490-adfb-062cd09ee18c,5Wvoj2jg0K4
299,61f248e3-5270-4a5c-b84d-133b554894e7,63qro526OWs
300,ce077fbf-d359-407a-9b2b-136939ebb454,6HgczaJ92Ls
301,a6c9d414-0b64-43a0-9cae-93b5ed41a1bb,6ivUi8VtVT8
302,6624d58f-e2c7-4752-b3e9-ea28734a7318,6syuE5yzSMw
303,2d2b7bfe-b50e-4def-9f4a-a0b973263448,6v0ymz_n-hg
304,d3697207-e7f4-467c-a245-740e98a82f22,73DGT_C88PI
305,c31171f2-58f7-491e-bb80-7bd71a29db62,74QyUIiO4LE
306,89b4ac17-fa65-43d5-ba24-96d69d85be6f,74lzDou5FBw
307,3eb5d633-c23f-4380-bcb7-c5c2a367eaee,7Scou0lOpbw
308,0c45a4aa-d062-4349-83a2-3af82ec9c2ba,7VMR_whPuvo
309,2192b4be-fbe2-4cac-a819-79baae3bbe0c,7WYI0WDS1hI
310,d4b1af8d-d599-44a4-b1ce-fbd1be91ee54,7iD2hGSvu7E
311,88aae84b-d8aa-4404-97e5-0abe1e579456,7yHTqWOjQEA
312,f1b6570e-4f49-4ddb-bd11-290794aa4b8e,85uJwPraZJY
313,daeb77a6-d9e2-4b63-af0d-b20c248d8d8d,8BSjO7CrMSw
314,e1b50f9f-c585-495a-9292-b0bc7890ec11,8Fz2FroNUVk
315,6fc96e57-c44b-47b1-9d58-0527a18b98e0,8NlNZulpRyE
316,5d87128f-b9b9-4fe9-814a-10971e6298b5,8V40ZPoaJxc
317,4532833b-a65a-4008-ac77-e0904a939f07,8g8F3_QvYIo
318,ea820791-70bb-4ceb-a077-438a9a7e4c11,KkO1_TZkPmA
319,7bf2b004-c769-4590-a746-f6953b233598,KvCQT0cI25s
320,43431209-c69f-47b3-a64b-26b988384e0a,L-ENJX7sKM4
321,a62aa443-b0b7-4bbe-b17c-bc9a90e63b0b,L5LLHTTLDRE
322,6c017aa5-ea3f-4785-9d28-e49b44dd67de,PJRGiK4nY5A
323,5f8043ed-7c98-4916-9931-60d757bdd98a,PLA4jMfxxPg
324,954832d0-06ff-4a30-9dc5-4da9904f2cbd,POn9gulVxOQ
325,7cd162b8-6011-4ed3-80d6-a6157c8af4d3,PPuL8zWHWyE
326,3174b5b4-59a9-437f-8021-4968720b7a9d,PW2VF7p_Abs
327,8cd328a9-627b-478d-8be4-61ed8f730280,PZidPOkflOg
328,22c91338-5f53-433b-828c-92138ca6899b,P_2QlH63Ib8
329,d2f731de-7514-4a0b-9e6c-5bf250cef2a7,P_dPUeqhDxQ
330,28649d95-61b8-4452-b620-48a3e605b106,PasdMxcx2U8
331,0304fb48-62ac-47ff-bbfd-f1d97b19c387,PbbFSX52Coo
332,f2412582-24d6-44ca-bf4e-7a9b16fe29a1,PjRrnJ72010
333,be61a283-cbd6-4a69-b05e-0ce46e191855,PkKNHMj-kwI
334,d4979c71-3248-4bab-b90c-a80a4decfd80,PuYpSDETbos
335,14a5fae1-c927-4e13-92b8-2e9f8aeae90d,Q1tPZ9rFioo
336,ef8dcc3c-71ab-4ddb-91e2-907670ac2ca6,QHO9vcLTJbk
337,fc5c3e8a-d928-41ac-a667-4934e27f9e8a,QMrIvCFYGuY
338,a0a5cba4-3383-4447-80e4-865e62285ce1,QQlOGo8yHik
339,2951cf13-b085-4271-a95c-c7509cefde80,Qc6Emd7I32s
340,272cc91d-4876-47c7-92bb-83adf90eabca,QfpSveAcUr4
341,3995c97f-9b0f-45a3-a848-518898c0b82c,QhmIQbAuf8A
342,e0384a17-1e9a-4cdb-b50b-b8c8524213e6,QpoNbyp-aJI
343,960542cb-7e43-4a14-a07a-facb140509ed,QzMdLh80OiU
344,0b298b00-bb86-4562-a0a4-0f649f39ae1a,R6KJ-ivzsPw
345,e4a3454b-89e2-4db1-9d20-21ecac5417b7,RGp0re88I9Y
346,b0686434-3a70-4dfd-8502-88f27c611518,RNkGefzgur0
347,6b53e146-4d5c-4d96-8431-170bad0d949b,RODP-qJUILk
348,d6ccdb24-3801-4323-80ea-ef8572eafd79,RV74MArwkkY
349,6d143ce6-6a92-402f-b8ec-1a76435efbfe,RZ0R_vUr92Q
350,0d84c982-cbab-4ad1-8f5a-fa1a78087c56,RdowmKpOCJg
351,96d366d5-28ff-4c09-8546-32dbc8dfa522,RpFlA62y0EU
352,3660a4cd-940c-4b77-8786-beafda52ccf2,RymOV4hWzHc
353,30cfe929-8126-43b9-84ef-6f3230a27f45,S-PSNCHr5MA
354,251fb0b4-954c-42de-8056-4da5131f823a,SBoUoHghTRE
355,3de1f29c-2988-4ca6-aafb-125728798240,SIKJqpasoxw
356,4d192d73-31d2-40e6-a2e6-586632524055,SeOkM0LUEPg
357,54e1f503-8425-452a-9370-6bbb1c32c52d,SnrZRtZ_nUM
358,06de2f17-4241-4717-b2f3-272628cf2f6d,SrtkqqQKVUE
359,6e3392d5-23cf-46e2-8f4e-c40d4da40271,Sv_9Y5aaXXs
360,2cc75ad8-a064-414f-bef1-5ad35d40b072,T0WwjgfsGmY
361,b677fbd0-0800-4ca2-98e5-4b748d55cf4f,T5gDSUuN19o
362,740e9905-7ef3-4bb2-b7f5-d37b8de81266,T7gDXpTmK7U
363,f60c2dd5-0020-4fb4-a8df-18bf04e405ce,TkIROwl9ygo
364,714f9a54-1cba-4db0-a252-3fcedf756d54,U-CAQ0f_3Q0
365,1238ce3c-1c34-4436-8635-c77c1e6a00a0,UA5_5uj4iIw
366,f6d64fb5-2e25-4245-9173-8161446821a1,UHMTERcqWtQ
367,785e8f8d-e02b-4e49-bc7f-a2a01b859d48,UIOSjNOoD-g
368,eb4f9250-58d4-458f-a1d1-3e371c35f5e9,UPrFb4jNBis
369,f1cc3ac9-35f7-4fcd-9652-0b93abc167d4,UaRaL4WI-oc
370,3a312e0e-87fe-43da-af54-04ecbdbdefd4,V2Fs1XrJcpA
371,da0cd6fe-8342-4d5c-bb01-2178febc5a4f,V6ow5mjok84
372,eeaa6fb5-b27f-48db-9c2a-29afde38f36b,VSH58VgbhKc
373,08a28dd7-58f1-48c4-9b0c-2a083704d897,VTF0k7KSwlk
374,f2bbeb4b-2bb2-40bd-b80c-a8fe371af8d9,V_SYtaHtwMg
375,e52fd8a0-337a-4485-815c-9b5160b39307,V_bb5tjcBgY
376,24ed14c6-058f-44c5-986e-103fcc76dd78,VcpGlhsDgZw
377,b4434c56-753f-47ed-ba48-091876b25733,VdAND2I0rDw
378,be3fba28-6a67-47f7-bee0-f09175f548ae,Vg8V8ltvi7E
379,705820c7-66d0-41cb-8753-a93e2bd9788e,Vo_B5hw_Xpo
380,b5632098-8762-4657-bd25-8b6cf5448d7a,VrewwVjNbyM
381,6af36dfe-faa9-41ee-a1eb-59ad3797bb4c,VtyG80hgeDU
382,3268a189-5518-472b-8ac9-8ebf16821fa0,WE13_xi0jnA
383,c296e629-175d-49e0-ba6c-326294f8d8a2,WI7CRVEVgzY
384,cd1be6a5-8802-4ffd-afbf-ba3dfd9c8ff1,WkrR4zc1I74
385,deaf308e-ccff-414a-b8de-af9b6e561372,WpKjz4J8t5A
386,fc73f38b-9d67-4cc4-9232-49d3f5108bcd,X-0PFY1iquU
387,5b655cd9-bd53-4718-864a-d2a69e40d125,X5_Mynj_WIw
388,5eccde05-ee44-4ab9-add2-9e3031db7c09,X6H5k9IAXvg
389,f8b8019b-6af1-4398-8fc0-c8fe339ebd10,XJ68AK6BMyE
390,ef31aeca-c384-424c-9fba-f21a32c9c833,XYzlwb0QsWk
391,ba65569a-1c54-4aeb-aa6a-978b77e127d0,Xw4NRFPUO6s
392,3317903c-731d-4c85-95cb-b6abb3bcd367,YCfpoEc0n4c
393,8aba3490-3e65-4b5e-a1c4-9d95a939b460,YOZaHus4b-M
394,3305e23d-ada8-4873-b0a4-a0214fe40650,YOahhol6L6Y
395,25cdb1b9-9640-478d-adaa-5e4dfade1db3,YUep5HevEK4
396,deb07b48-4a81-46ea-ae36-e1723bffd912,YX2Jv3NQ4mA
397,331bfb4b-0b1f-4103-ab8c-58c7a16451b0,Yc6ZLEnOulo
398,b96d72eb-fbc5-4e8e-96d5-bfa8ec696947,YnMxaGTK29w
399,93f5c260-8542-4b61-95f4-a7e4a3d99314,YxJW0FyiWYI
400,98dc9c8f-cb95-484b-b9f7-7d573544160c,Z20KB3xRAjs
401,65a945ff-8c14-41a5-bddf-c5481134662f,ZD_FQgTIheo
402,3a5ce270-4c92-48fa-befc-e4a81d7fcd9c,ZI9Pf9k38W8
403,73e3c1f8-b437-40af-8298-0ccfa8a1f193,ZP-eDA51Nhk
404,ec812513-0f4f-4a63-a847-1b2f136cc0b9,ZU-FucztryU
405,8b58276e-4f72-408b-9206-2c58fb36f769,ZUBN-9P5mKY
406,df0ce6d5-d56d-4726-a9dc-f72cb3d4434f,ZXtn92p5eo0
407,deb8f5a2-8f55-4142-a1a0-7fc50f6dea70,ZYWCwfCkBp4
408,28d50ee3-6ac9-4bae-a854-d968adeb6b71,ZbkqcXPzqUA
409,2c6232f8-600e-48ee-9865-7b57d5a39649,ZepzEz7tj70
410,7109b1bf-90d3-4688-b205-1fc49c92049b,Zgen7AGvfXM
411,694fe1cd-a562-4484-8914-5acb8568fe95,ZgfzqKgQvuE
412,5fbcb853-83ca-48cd-9eef-62f3716bb200,_08L5xGcxdY
413,e3e097a3-e885-43d2-910d-6049e74c7693,_4eU-BZ8GQk
414,e7adafac-d210-4701-9067-c855f71ec2c4,_Gc4FE8H9h4
415,840f5276-6ac1-43e5-b247-0b6ffd312cbd,_N_cUtALnVw
416,86fbcd38-738f-4d61-a9ab-b2b3cb21b9da,_V7XETg34ZA
417,f7cbd1d3-6157-4fb3-9695-57046e577995,_cR7i0VAr24
418,c749f327-ce62-431c-82e9-bd54876aedda,_g83WWiNEKI
419,3b57b974-35b8-4f3d-a7a6-0b309090c9ea,_iaRZiUocn4
420,26b17333-757a-4a59-984d-67f6f6396ab6,_idLQORKU_I
421,06893ee3-db8f-412e-b474-8c0ffe29d6cc,_tdIhfUIlxI
422,4a5e7f99-a538-47e6-84b6-c9a5140148dd,_vena9Spslo
423,bf0ce35d-b362-4012-a2d5-4aff3e51a284,a2WK3PSSXk0
424,f189e27f-256c-454c-ade0-14e42bb6cb8c,a82bAv0L-88
425,85f16fd4-3a5f-4ab5-aede-0e684a46ebb4,aBmknnEmrFk
426,4522338f-de33-44b7-9e74-8bc2b577d65b,aFWSmXm7hDg
427,0d90c00e-29f7-4af1-9a8a-7a8772694755,aQtuHOgD-tk
428,563d7feb-7918-4d87-aff3-b62b279f92bd,aTloL-j5BSY
429,0bf54a9f-3ab4-46cf-a9ba-b05954dd1f93,aTrxkPaTW8M
430,1cb952fc-2393-458e-a028-d38e63b782b4,a_eOghaw9pg
431,f226e155-fcf8-4380-971f-b43087d20931,aaypALLn_rI
432,575d8a53-945a-4d3a-9471-61bb33974a35,ad19ygY9-60
433,8dbf4ef4-6f78-4c32-a53a-830c04b5c2e1,af_bpqN7jBo
434,1e8cdb7b-2b87-4b6a-9218-782293f46f55,ay1bZgpH0R4
435,5c1f837d-7d6f-412a-b465-64d28b7556dd,bJ5tdzIhGXg
436,0a1ca475-a310-4cc4-a0aa-142ce5cd5028,bYe0VQH8z5A
437,dac56786-2353-490c-a083-46c4c35ffb91,b_MeUSVpXLg
438,58a1e190-84e8-4960-ab92-038062b2c756,beBlo1fk8CE
439,4b4fa659-18ae-4534-a485-59990a5dad5e,bi9Q6NJ_YE4
440,9702ca08-1d1b-42d1-acb6-813176a7b9f6,bkcG26Wac_U
441,853e55b6-5085-482f-a864-aed5cb0d116e,blVZFnWooyQ
442,f9f8a5d9-cbe0-45e5-9e70-b302b828013d,blsgc6ZIyR0
443,67369cf9-5f07-4bb8-b430-2c43671ad705,bwxzwgcy5pM
444,6138db58-08a2-4be1-b1da-e45ec29107a3,cEQySdQeY4I
445,4c4bbdf0-209b-4f9e-ba75-dd26305bbc9a,cHf0sb07bnM
446,b78a96b8-f45b-41f2-ba1d-4eba56352209,cMHg01r7458
447,33f11f2d-4213-4bf4-a18d-8cd1a85d6a4c,cMZcG1XRsWw
448,2cd9571c-a0e0-4249-8e5f-70ea40f7ed88,cQxSs00Wn0Y
449,bca9a2ab-a631-4287-afc6-e1092c5c7da1,cWtGXVtYlrI
450,17076991-3187-4a73-a16e-21b4fd4cfd95,cY4ETsqfUrc
451,83942e4e-497b-4f7f-bb62-56c337809cd4,cje3ProY6vA
452,700b2288-e48f-4e3b-be3a-8cf89eea536f,ckNYd1PKMSA
453,8d523229-fc04-4b1d-8a07-6a4f102c6624,d-LMPzp3ljY
454,a53168c8-c940-4832-b83e-5659eb444940,d5CnHh1Z3Ms
455,15e4a693-b4e8-4ac7-88ef-172279f0f4dc,d8O9kSw80XI
456,4b61c473-a082-4b15-b89b-df6f4fdccfba,dDWKsZeL1zU
457,505dfb95-5b5e-450f-9372-c1619c8a42d8,dJU_zdeUb3Q
458,a716df9e-cfe6-4846-85db-da3c0c8eb995,dNR-zAyejBc
459,88f22919-b970-4db0-92c5-787dc983b115,esnR153kgC8
460,35c3cead-9d03-4b32-9bec-6760c0385b6f,fKeqEH0Mpno
461,612b1896-cea4-4c38-9bc9-23ede8d37f4a,fZTO0B__YK4
462,c6474994-9301-470c-8ca0-5cb491679833,fpQprRclcss
463,6bd887ef-9931-45f6-94c5-e8c80b0c3c9d,fsMm0oi1jcw
464,29f9bd91-9817-4192-8096-9aa7dd8d3734,ft6dwlSY4mg
465,92e1a0a2-e40d-48f8-8f93-7c56bd44a93f,fwTOWDKHEwk
466,ddb50b88-b303-4b32-b4b1-3e651b463cb2,fxbDZG52hkU
467,e6510a37-f685-4945-bb9f-2e73ab667338,fzt1yxtD7mY
468,fb31f6da-5653-4b91-98df-bf981cd86ed0,g3zlvdV4ElA
469,3188b276-5a2b-4aad-84b9-2af6b5672bdf,gAfXBie8Oy0
470,e3a80f21-3ba6-48ac-8765-2d42a31da9be,gEvl5BMjK5Y
471,9359ccdd-bf85-4f9d-b458-c49c8ef1465a,gLi6QuHE3jA
472,059d097b-5567-4e29-92b2-e7251bd8047c,gWw8s8bIz2M
473,525b7ba2-778e-4c55-8769-408e38616a71,gXOxOo8fiE8
474,9887c809-3118-431e-9c38-e1de53c2132d,gY6AujPmM68
475,e4565149-8af9-44c3-985b-a0dbe6f92eb8,gYo4Jr4JucE
476,aca399a2-1ef8-42d5-9e19-e415c69a9333,gkRB2FULsE4
477,d2124ae8-2b43-4a0e-9493-f7f3e7aa5472,gmQk8uAdN_o
478,7bc5f06a-e332-4e16-91ff-2a51580b67fa,gnN6vwC0oas
479,855ddc1f-71b4-4630-898d-0736d596f7d0,goQOSfVf5SY
480,835eb9ea-9a40-475a-ad21-8b12998a0185,gvKyxfwDzEs
481,8b3af472-cb5a-4942-853d-9325ed4c3161,dOdf0nPjy64
482,ee26acdc-c71e-490f-a550-7154b6777e0e,hDPmedj9-V4
483,19dbe1df-9611-4199-a770-5751d9df9c75,dW-c6Nxwnn8
484,4ca22cb6-11a6-43ed-aea1-d91fd5575fe6,hOK2Z2vAl9M
485,da58727d-7326-4525-8ac4-899aa2bf891a,d_GkZ-2-ijI
486,515bd49c-b720-4ac8-b355-3c150cdb8913,hQmczvvtbPg
487,c05613ac-ab2d-4b35-b3eb-a1d4525371f5,dgHeriAscUM
488,7e4941d7-7bbb-49bd-8158-78ac86d07e33,hZMZLBkY2WE
489,19250a12-b85a-49bd-bb7c-ff29ae9c603d,hcizf4bmp1k
490,99cf088b-e9f7-4ecc-a6e5-d944f3821c0f,hssZMLwnn38
491,b4b6c73b-054d-4d0d-a926-d28c37df0a6b,hxpzIIR4WOM
492,880d4361-0420-421d-86a5-de7c2273969f,iCZoMNPkKEk
493,b2259ffe-a32d-419b-9856-8510de348f4a,iPGbDshbeuI
494,88d0762a-e26e-49ad-9939-a174c760dc29,iSfhz8Lfcvo
495,e2022f1a-9fe0-4788-a8ef-1ff9905e13ee,ieRcXKBDPac
496,43a00405-fcf3-4457-9af5-5284ee936748,ija4BoG60-c
497,8ca059ea-700b-4015-9552-13e50dd5b14b,dmE7ryr4Eow
498,4c72f7db-4fcd-48e0-816e-fb45d0f64916,dnTXbfRaLIs
499,a6b3de61-e740-4281-bc31-58c49068a73a,dqHvIVb5H-k
500,9a5baaa7-053e-44c9-b335-a0d543f649b5,e3tgDTycdNE
501,4003a411-5a57-4356-9bd8-26231fc73c90,ijrjAvqI4Xk
502,b4db32fe-25d1-48e5-b136-4024d3bccd00,ilVoxqe_z7E
503,e4fb3efb-5a7c-40f2-a455-321d4a69fa90,ilpQ1xAWgCg
504,8261f587-5e30-4f68-bcd8-1ac1401483e9,itFDsYrpdQ4
505,285e5344-85d1-40e1-8ce9-7d74350e1d77,j2wq3o1uygE
506,e74b080f-edad-4b93-92a8-6165a5bd1f26,jqSqB72LLGg
507,a438e51d-a019-4a1c-b68b-61a981feab00,js2GYlZd4AQ
508,b042aed3-7ec4-449b-9eef-11e58a5108e6,jwCDK9mSeZo
509,054246ab-8f77-41ac-beaa-868f93f68966,k0ZIXI2XYrQ
510,0c3a0499-24cb-4de4-a430-e4a90444680c,k5dTGeJOaYw
511,55c01453-1e78-4034-aa15-11a2740c3419,kC6sAth8REI
512,4eee9e40-842d-438b-971c-e077180a1b46,kFnYSo3vyvE
513,95fbe693-b60f-440e-847c-e2915793cf48,kIY_IzVw2tA
514,d34395d9-2e9b-498b-a525-fc7e78def0f6,kP-s7tXWGfI
515,9de73c29-a85d-4f2e-b02e-25c01cbbce00,kWY2pKyjV_w
516,76e9ea97-e01b-43c7-9788-132dbda62f97,kcE6KQUHF3Y
517,33857dc3-ecc9-4b27-a275-5bc71531853b,kfbAFRe0lJQ
518,03641ed2-f136-409a-93af-a50c8c35c437,kfcHHVIxThw
519,7851819d-3de0-4050-89aa-b8977b39fa87,kgONpmHy4UM
520,cf4eeeed-96d6-4dd4-ae0d-fbe0aa5e33c0,km6wBBns7T8
521,d3c4efb0-806f-4498-b177-3b8dfd92a225,kogMHEXq_7k
522,252c81f0-bafe-4088-8f0b-660b15ec1735,kp9YlFG7vBM
523,474985a1-a135-4d29-909a-f3d08dfa6d22,kpOkbQjcCi0
524,3b933c07-2a5c-4fdb-b9fa-4cdde03a0527,kwlKoeMcaZ8
525,1e94e61c-44da-41d6-923b-5bc3911f46ba,l217RPPBzC0
526,bd8f73cc-97f3-4cfd-ada9-2e1a2d54993e,l3aaNMmN79U
527,2f01eb0b-09b5-4cac-b0ec-9a82ddbf8336,l5zDuLkM4jI
528,809adc68-a150-4866-affb-670917d5da6d,lFH6eZ1qsPU
529,73f54d09-b08e-4921-b15a-47d188303d1e,lPtX_K0Ch94
530,afad64a3-1f29-4a59-849b-e9a5e3b87b63,lVe4wUqAzw8
531,e4023073-3461-4f5b-8d99-71869bd7891a,lZNWWhBwk0I
532,a88ad881-0558-4684-8206-1c0e1ef9059e,ljsS9LmXb5U
533,0d971b7d-2998-4b86-a99f-f84d34aa185c,lmlyoHFdzNc
534,3d32a529-88ae-470d-982f-97dcaa5f6fcc,mIgjmNHmSiI
535,7efe4c66-4d2b-4df4-a34d-0b9674f21811,mMomyUEZPy0
536,ac695401-b1af-4597-b1b4-2a04bd0d965c,mYc1-061DiU
537,71d4e513-88ba-47c4-89cf-fe3cefafab35,mYh0HMNvuRw
538,56693f67-582a-45d0-a51a-8889fcee50f2,mZrMR-FbDbo
539,06a54465-b752-4ad0-8446-f0fdad35334f,mc6wyRPiD94
540,9df3c06e-6817-442d-80ed-a0bc9b18a6b1,mpJlg2GoKyk
541,cd98e278-0c5f-465f-8275-28af779f32a1,mwKmofdeTQI
542,0ab47099-02bc-42b8-b22f-dfa1af4b5c77,n1pbddSLkJg
543,08a13272-bb5f-4eea-9359-50c5ca9b3ac7,n5PJcijqU5E
544,196b62a0-be40-476f-b9c7-0449d307339a,n6RXLtzM2ag
545,06ce002d-16b7-4370-87c6-1e131890a7ce,nEOaOaItl10
546,82e781eb-5234-40ca-9d11-6141c5e79e94,nGUPSYIO1Go
547,f5919106-378e-4cfb-b701-2b8f88461700,nMQ94WPAKog
548,f1c97e4b-dd4e-4933-a53b-b7ae674f40f6,nYAbLuyqPis
549,7cdd32c0-4838-4dc7-852d-d72fb64c5131,nYrzjXQ550E
550,09da2717-03cf-40ec-9b53-1adf4c3817ab,o3nm96lDMCI
551,86ede41c-9d96-4232-9f8c-70ac1781eec9,oFffjcugrms
552,f9d9040d-8698-4838-841f-8ee070722582,oHvYwexeY6k
553,1d69f7df-3788-4fb1-aedb-c1d0599539c4,oQ2j7OPAE7U
554,285ca1a6-1b26-404e-bfbc-6ea6530a2a29,oWNA-Dn24gc
555,575c1a29-cb50-4c9a-a9e8-948a2fbbf980,o_zhMRGVmSg
556,159cc77a-86fb-4f5e-9ad6-a622b41f5a86,ohJseE8O_oY
557,587c1a5d-c7c8-405e-801f-22dffbbb062a,oo8Qg5FgvNE
558,aeb3565b-ff79-4d52-8d96-0975830288d2,orEreKc1ODk
559,afd79f79-2600-41f8-814c-fceb1ae8f7c6,ozNR5P5rIAU
560,f4f7c7ec-0941-43e4-89c8-5165cce9c62b,p1POdJ6JWaI
561,eb9bc0de-4d7d-4e4c-b4f2-495d04c7c352,p6_tFtcf0Sg
562,8d5eca10-09ef-4b11-982d-6ff56b2f3640,pHAiSxNsXwQ
563,36b1a672-7746-4e92-b7c9-7a3c149f2bd8,pJgkvqiAkaI
564,73aeda6e-4866-4f12-87e8-ad0d6449ac58,pVOaILsdZGE
565,3fc11f0d-71b8-4264-9637-59b07cf7355c,pZLYvTfDw50
566,5c2c32af-bfb8-4104-9c12-8d634ebf384e,pddzz_YVRmA
567,2dfac490-549b-410d-b7a0-43cde7c3e0db,pe6UUMKEQNU
568,286e637f-4a6f-42af-8ace-8ffce829eaae,pftnMRbJUGs
569,69fd0649-26dd-40c1-a9d9-d913adf11017,pjtd_BgAg-I
570,e7b2fec2-6034-4116-818f-cab4241254d1,q9kT_c9QjbQ
571,6f4de250-9284-4b9a-bab6-3702d818735e,qA0xdsZEMs4
572,fa45f69d-24f2-40e6-b11d-f3964f913694,qAKFdbKWMdo
573,f1b1f61e-310b-44d7-ad6b-03aac781e1aa,qI-umlsL9uI
574,4d2ade6f-96f6-4a3e-9676-739af500102c,qI_PM4J0ubQ
575,2d9ddd51-6db8-4783-8e2f-12b794429249,qK8v5ZuMsyg
576,6d5db6a3-82d7-4545-90e5-985adf58a336,qLDe8sS0zgw
577,6fc41f2d-116b-48b1-8f27-c155a6364ac0,qM8gcSmN4YU
578,f13d6590-8df4-4075-b863-e63c1b20b820,qRMFsjZBjxg
579,4a165406-6a68-4502-b563-cd7b528e1fb7,qZ-tjwqyNns
580,284a3e13-7070-4ecb-96be-e81662c61c0c,qebRdQLrACM
581,cbeb302a-4e5d-45fb-b5e8-64af578c289e,qfmzBy7p-ao
582,9c143e53-6471-4235-b4ff-febc55a98065,qnVuN80sYVY
583,41e97660-facd-4c28-b28f-c3d86a5eaf74,qoUuANHUJBY
584,37849cee-f253-4f9f-b5d6-67334dc02ce4,rUovBjnA2Wg
585,16a21b15-728b-4f63-997d-c02d3a99ef20,rbox9GDkyTc
586,b01799fb-3db0-408e-b993-0c6a1514717f,rf-4t-XOdgs
587,bceca38d-fc8a-432c-8277-0df78f44dd74,ro3fg2xyfAI
588,8a698494-e928-475b-985d-4554bd871ac0,rtV2az3z3kg
589,0d886a4a-3d50-4a67-9729-8def8ca605f9,rufNJ42Q4ls
590,2a17d5ff-a20d-4b69-8315-c334611e4ef0,rzRxTDePLkA
591,d99b9e42-6736-4fda-844f-ca151d33846d,s0kZIecuUAQ
592,de76d01f-a06e-42aa-aeb6-658676e99314,s5yf-TDSFqo
593,b37bf4a5-3d2c-4a32-b1b9-da34d99a514f,sHlWEvPXToE
594,fae60f10-faea-4e41-9ca6-3fc8704d7f95,sSw_UzZyBiQ
595,73fb4a99-0310-4429-b8c3-7cc352abf5e2,shBtphV1Gz0
596,9673be51-bbb5-4997-ac05-438e896207ef,sjq-oLz1ANQ
597,fd3d4999-c5d4-41f9-9cab-1829f7ab2f52,svAVS9IIXOg
598,229ce5f1-4406-43a1-96f5-0a0c840ad495,t82xcOwTWTA
599,c918bfe6-ab29-4739-876b-7ed97dbefa6c,eNmTLGrbWEU
600,c06d801f-8bff-4d35-b490-d721260ab6a2,eZyC_q69yus
601,39dc9de6-c853-4d6f-9997-c12730e8b18f,zf6VQkHplzQ
602,5372b5df-d459-48d8-9e47-b66f7368f9b0,yKJ9Gf9TRKo
603,51ef76b6-5a87-4c57-9dba-c76a5b536b49,yNPcyWWmbUk
604,dabb6da2-5689-45b8-85a1-5313ac19b9e8,ycTpZQULAfM
605,0a7561d4-7932-4567-8c3d-d84829cf320a,yjr5sazRgJs
606,42943d3c-d913-4fde-8402-02c6ded1e691,yl89ZDlKlu8
607,b4aa2c13-e3a1-478e-b043-250cb2725517,ymrCYpJbO9w
608,e182cd3b-5872-4b8b-8416-7298ec4d326b,yzKbEq9w5xY
609,14a9d642-1e9f-46f8-8a86-45d2ac61f66f,z4cDz_hNcr0
610,71b65514-e05c-4482-9cc7-6d1b1d2f9f83,zOtr4awwLLo
